optimizer_step,upstream_loss,pr_loss,signed_relative_difference_percent
1,10.675343206646634,10.675323309019246,-0.00018638864345956762
2,10.573832493968618,10.573832493968618,0.0
3,10.529069017042127,10.52972497671451,0.006229599289944562
4,10.4498424509949,10.449758565992948,-0.0008027393938812882
5,10.253138187681106,10.253292924038197,0.0015091381689515374
6,10.28652255111625,10.286833625093797,0.0030240012513545154
7,9.825281614797039,9.826599048449474,0.01340681191874783
8,9.137809180481222,9.13797128889632,0.0017740088031974017
9,9.031759565945947,9.031745563780852,-0.0001550325270808307
10,9.182043803811519,9.182357125467567,0.0034122137896248545
11,8.76218706669349,8.761225294803086,-0.010976390746781738
12,8.621616806527275,8.622042508957168,0.004937373359635552
13,8.337000062835957,8.338741463904798,0.020883260098410496
14,8.3494489428095,8.349657923758866,0.0025028683962058274
15,9.286004554696142,9.286092178816272,0.0009436059694766428
16,8.19084548028047,8.191525973298399,0.008307280232596552
17,8.527523497103587,8.52752624003904,3.216566416677636e-05
18,7.729428655244996,7.729455863554244,0.00035200808088686335
19,7.8893628649306065,7.889778372200377,0.005266399766494134
20,7.524134970300582,7.524115062324127,-0.0002645882421498787
21,7.709949999647526,7.710293359410934,0.0044532645828486645
22,7.872164327787322,7.872065022380939,-0.001261475272217517
23,8.968759443122716,8.96865992123546,-0.0011096505362513482
24,8.12315986880937,8.123384902012367,0.0027701900834530896
25,9.43092262314529,9.430860203438238,-0.0006618621480331791
26,8.569748253966827,8.569289724108671,-0.0053505639205141805
27,8.155593523615655,8.155512089450578,-0.0009985069123564707
28,6.610895405083514,6.610177203383672,-0.010863909589152563
29,8.029652380545167,8.02966595995857,0.00016911554564609976
30,8.123823927129273,8.123995789587067,0.002115491714240876
31,7.845923658505571,7.846213473250514,0.003693689267199955
32,8.007473661250009,8.007270562100619,-0.002536369871222029
33,7.249766326159534,7.249840402763018,0.001021768747569924
34,8.310900617040852,8.311018372379063,0.0014168581145526209
35,7.940827788441026,7.940667813988249,-0.002014581565539316
36,7.49004061504243,7.489608969791674,-0.005762922698828921
37,6.012565040891127,6.015719805608556,0.05244201557537855
38,8.210992629329443,8.213584846913573,0.031560124262967545
39,7.956418181297485,7.956578446551343,0.0020142483975334148
40,7.953283372015483,7.952761477920212,-0.006561995478596096
41,8.673698729849042,8.673370494846544,-0.0037842564368480935
42,7.486317337448427,7.484707213794271,-0.021507552800379602
43,7.949568416269046,7.949386026878552,-0.0022943307226652426
44,7.820192196396936,7.820195682611701,4.4579635948360766e-05
45,7.395531011024332,7.39545582208142,-0.0010166807873528722
46,8.318450198727506,8.319392502322373,0.011326591389981353
47,8.275831600012564,8.275394766511557,-0.0052784242372303026
48,7.190599958688226,7.190937489099806,0.004693830423240574
49,8.027652744401893,8.029234997290617,0.01970614746309046
50,7.567557312070168,7.566832986023727,-0.009571464299122891
51,8.026071188970826,8.025926107475291,-0.001807627818388395
52,8.035949718291652,8.02916695998602,-0.08440518598808171
53,7.537726334063822,7.5378666193765875,0.0018610744902918513
54,7.754900837440408,7.753599108946231,-0.016785881876039657
55,7.456072319863196,7.456231756411594,0.002138299259010455
56,7.9619467411797205,7.962128379922982,0.002281283779842016
57,7.717777682664422,7.714899530061833,-0.037292504668203115
58,7.388755370598972,7.387120392237547,-0.02212792655080634
59,8.045127258597969,8.045343097928596,0.002682785904837894
60,7.302682299255674,7.302753092069068,0.0009693989718822454
61,7.671928461731639,7.66932114938345,-0.033985097243735767
62,8.250638509275142,8.256252756634838,0.06799994531641546
63,7.787705690979183,7.794863776075074,0.09183079142269586
64,7.20136588312667,7.199668101725634,-0.023575824761431975
65,8.35087663536024,8.362113950064899,0.13438365910537564
66,7.994214849996759,7.999766069240066,0.06939226966464193
67,8.012252861525019,8.024276823265417,0.14984480228220104
68,7.436262883940911,7.436978224532847,0.00961869956236677
69,7.467337658391363,7.472836022173044,0.07357800660105583
70,6.866378296406499,6.862884294314615,-0.05088566258741308
71,7.941918267300277,7.941841292579386,-0.0009692207638103389
72,7.636160984143724,7.6394786846069875,0.043428362068060215
73,7.402252117948516,7.394580236702065,-0.10364252830362189
74,7.551407376947676,7.555082944165425,0.048650256322959086
75,7.0789444067702885,7.100548548341691,0.3042601768626472
76,7.271334516143094,7.274189757662846,0.03925167771083002
77,7.942581897400471,7.944795656350192,0.027864265432071312
78,7.568678550984656,7.585258282242084,0.21857833498225132
79,8.028056414639668,8.025910024081778,-0.026736117025482148
80,6.669955468799897,6.655603251592601,-0.21517710687022978
81,7.395553065142574,7.397836477674132,0.030865950314657473
82,8.629972996593334,8.65223887745936,0.2573424194751829
83,7.804189126300513,7.817116863740197,0.16537730809231446
84,9.159787202305797,9.117121273504225,-0.46579606992214556
85,6.973577918009439,7.185842335532112,2.953925338343168
86,7.313616281093181,7.329990560047187,0.223387449408941
87,7.039314575031272,7.073768765081328,0.4870697812477994
88,7.260212053090825,7.289524828800123,0.40212189954393307
89,6.909026413489353,6.932801848889301,0.3429412222961024
90,7.341823435604347,7.373503129407084,0.429642372787384
91,8.553853913346407,8.578667575286106,0.28924843773156594
92,7.133325430327471,7.157568990538382,0.33871221140808183
93,9.010587292570477,9.029805768117527,0.21283376454126976
94,8.171228243861693,8.151680492736554,-0.23922659533862312
95,7.81326371838266,7.8233054219258245,0.12835627655570225
96,5.4318089834951495,5.4652129791658774,0.6112112336347812
97,7.814984635866077,7.777022663199,-0.4857587626321641
98,7.288643458948367,7.255838050521927,-0.45008935628706503
99,6.61355367750791,6.60153728564718,-0.18169342000801048
100,7.262952261556023,7.239551159088285,-0.3221982139632651
101,7.154588507859897,7.156646068082916,0.02875034203794303
102,7.3488896129465,7.401709176830589,0.7136130672281626
103,6.982316159589578,6.99757843020204,0.2181078892462151
104,8.299260115925064,8.305838383950354,0.07920053005126565
105,7.216220433270123,7.19746699119027,-0.25987900803848646
106,8.005260494251516,8.066340089730534,0.7572157236065515
107,7.759433588252019,7.7385361703607085,-0.2693162800304114
108,8.054813804455938,8.014950176240001,-0.49490440354914167
109,7.886563084242563,7.914685010643584,0.3553132735314573
110,7.810313510210501,7.881732133114446,0.9061285222303536
111,6.9908785336304256,7.120938578549565,1.826445256962618
112,8.387341822095957,8.406806855261884,0.23153896004811708
113,7.733597047138843,7.825252036613061,1.171272043959475
114,6.913679686068554,6.8868516373048525,-0.38804298118933095
115,7.724261851126996,7.692822960483034,-0.4070148222561193
116,7.541123831770849,7.467323682670452,-0.9786359532975214
117,7.136838508114515,7.0947943560377125,-0.5891145221935269
118,7.933042590803219,8.162877762673503,2.815614524099014
119,6.915410756891047,6.949171041013918,0.4858174294979683
120,4.691611526272731,4.944002562154168,5.10499403486285
121,7.279701781966816,7.2138931381272045,-0.9040019194554346
122,7.106771870382004,7.0106773880943285,-1.3521537491326592
123,7.843298029898439,7.742010517649863,-1.2913893092226112
124,7.6517405617301,7.707928787134504,0.7289665869538043
125,7.784290383816329,7.743760303695583,-0.5206650590143542
126,7.1245574514966385,7.080102195904405,-0.6239721680242065
127,7.887235239765753,7.907328533633156,0.25410976389735557
128,8.544858607727468,8.456896383667633,-1.029416964024272
129,7.232535767595011,7.1838738540833775,-0.6728195348809833
130,6.9980261924344385,6.960560989214606,-0.5353681479548585
131,6.3948268713519925,6.341957832320732,-0.8267469955771097
132,8.103067102976118,8.08374686170946,-0.23843121402216805
133,7.101208452908789,7.066626223551497,-0.4869907648342173
134,7.466424706397677,7.470479440288253,0.054276755902823465
135,7.496952514861906,7.524170754743259,0.3617440481955313
136,6.997420185503259,6.978866514536578,-0.26515016212859815
137,7.2810687606612445,7.220948269422785,-0.8257097029941967
138,5.601440494276495,5.647096084792687,0.8084790807640113
139,7.746858493913488,7.762713325206883,0.20424342145821156
140,7.422778056199657,7.407258756657993,-0.20907670179767424
141,7.345078884463402,7.35006430135138,0.06782820780304354
142,6.846856062375306,6.904281624142648,0.8317384036963177
143,7.962518690580088,7.87436854633309,-1.1070635771477997
144,7.43044635503135,7.33571855602628,-1.2748601427009458
145,8.184651025721214,7.992228937790844,-2.3510115132051626
146,7.019627457181256,7.004585832840588,-0.2142795245534031
147,7.847288673448948,7.98447979482223,1.7182224127143175
148,6.714110244291849,6.728234546582786,0.2099258311098948
149,6.6913969794981885,6.712823278626969,0.3191846148698683
150,8.78011273337616,8.69500255749993,-0.9693517436592671
151,7.208926764504732,7.159123947513773,-0.6908492570097646
152,6.9004017778118785,6.825684481615058,-1.0827963153837319
153,6.347484843611719,6.335034620962481,-0.1961441886981148
154,6.922577004929974,6.933158544561813,0.15262220766808837
155,6.756741106335425,7.026440428176844,3.838349226727857
156,6.558254272758867,6.6738938425610606,1.7327151514567365
157,6.493212272411853,6.531491073223104,0.586065270274673
158,6.897622816096288,7.054258107594554,2.2204360700898347
159,6.976674693370764,7.126530667636147,2.102790000552815
160,6.497059284502512,6.627454357204677,1.967498615217356
161,6.280326833213855,6.338548702508695,0.9185362774257286
162,6.806523561612816,6.696409856301332,-1.6177671951728674
163,7.40741803757649,7.5415003945718935,1.7779268047497687
164,6.300536567755767,6.297476269027562,-0.04857203343389872
165,7.186658050133465,7.212793574501015,0.36234954040478495
166,7.024017691050381,7.030590238836998,0.09348500713795592
167,7.013858959793424,6.864969219998247,-2.122793467172354
168,6.873222258172028,6.816031626930903,-0.8320788866259466
169,6.219209048593592,6.136306183448722,-1.3330130004814187
170,5.9431498594286065,5.904900559932473,-0.6435863203996444
171,7.25079487494621,7.207244416498523,-0.6006301267488243
172,6.9978036728578115,7.013423177997121,0.22270872215883722
173,7.630055700542686,7.845219458190783,2.742609799442339
174,6.134038367479717,6.019670545609792,-1.8644784238106369
175,7.68138821899164,7.753230016650636,0.9266047505969797
176,7.408645572206067,7.3231043002593115,-1.1546141749265015
177,6.795208106256663,6.6826144396294325,-1.656956856458304
178,5.734397574707242,5.510957600750239,-3.8964855688160105
179,6.53449734916118,6.379937994995848,-2.365282988219011
180,6.515903945443458,6.545198298267523,0.44757013445747534
181,7.225764704052587,7.157107160269844,-0.9501768545581842
182,6.853948376666499,6.808505185752018,-0.6630220774522828
183,7.0326834098932185,6.985132494839474,-0.6761418406358504
184,6.766388911524068,6.785426263974016,0.2805623657134654
185,8.401331964355233,8.371577478942237,-0.35416390566682204
186,7.214893028005153,7.472824191875665,3.4515888136500066
187,6.838106705178148,6.921136217796486,1.199651473479786
188,5.687631776595019,5.985988315129017,4.984248595673502
189,7.192172308260539,7.295842084856686,1.4209432631679957
190,6.030161791757106,6.230799833027325,3.220100896303966
191,8.162987175620476,8.205093152047176,0.5131687800058089
192,7.340538012159088,7.2673126090320315,-0.9975481770650078
193,7.694911799527619,7.791234260115832,1.236292702445088
194,7.040595327865023,7.082661793968408,0.5939358298769704
195,7.66591642765642,7.752689795777442,1.1192678980691873
196,8.289419846682936,8.406035838376825,1.3872887760184385
197,7.109950471041384,7.111558505736213,0.02261156529236507
198,6.665827536903072,6.676424699271339,0.158725108805969
199,7.186417410049739,7.332052122563632,1.9862749211195283
200,3.1775779742019576,3.2670738875052105,2.739329332144165
201,7.18145566856959,7.317208664852197,1.855256594426363
202,7.249202459002643,7.405126841827727,2.1056274410364892
203,6.253429049357823,6.31107930943542,0.9134770338158508
204,6.550385547702566,6.6031700787566106,0.7993816670550407
205,6.678310557354435,6.676751173526699,-0.023349974733038858
206,6.038667170825075,6.240923888095468,3.2408137143956575
207,6.436869868333817,6.434552408126231,-0.03600290599297544
208,6.362392035446764,6.307412070969764,-0.864139841913078
209,6.152350256281261,6.2079176687680295,0.8951054999702607
210,6.745459535101412,6.776974505434092,0.4650300854372319
211,6.627130558175609,6.644541863633172,0.26203921677216996
212,6.198961404064951,6.2306676226364575,0.5088735347768435
213,6.018749213002826,6.062675754062535,0.724540497325364
214,7.196938608615677,7.196297723094177,-0.00890497413348919
215,7.689471147206401,7.65365476824989,-0.46578468493926645
216,6.672001658463563,6.728730659930028,0.843086227307171
217,7.112061065432803,7.087486775453042,-0.34552979443892134
218,6.52380022854571,6.700550017676072,2.6378400081201616
219,6.916453295655632,6.88460152927041,-0.46052167236102387
220,6.11782785135514,6.177558321918915,0.9668944824339722
221,6.326010234857045,6.281772644271389,-0.6992968544676323
222,6.29542956225033,6.362281929096805,1.0507608369370909
223,6.094422528143691,6.100373075472595,0.09754399042951066
224,6.763948215976987,6.704413772117825,-0.8801729693692223
225,6.87568669123679,6.7316749164305545,-2.094507520096604
226,7.493391888236744,7.502291055410771,0.11861932719350893
227,5.848643782218335,5.860997411179528,0.21077690526922166
228,5.523679642050107,5.640429616034281,2.0698773308381297
229,6.381926091959474,6.389704328389536,0.12173077235363546
230,5.470444316208779,5.496617866256367,0.47617554438824744
231,6.497992191622697,6.496559586045121,-0.022046895953843987
232,6.414340455941287,6.392338380079741,-0.3430138455024877
233,6.996214902697734,6.909346088214119,-1.2416544616163547
234,6.430027563817025,6.509015331991819,1.213513321847142
235,5.895228012099975,5.9498666202231725,0.9183165205331667
236,6.970655040072447,6.976093424874305,0.07795745370132788
237,6.868015709772272,6.782284609401552,-1.2482659328914434
238,6.100599941101608,6.140326904618407,0.6469845031690143
239,3.6194245692246763,3.5294578398855916,-2.4856638843659233
240,6.915166405994616,6.918798760425106,0.05249978437393872
241,6.428205900800384,6.482922670582142,0.8440139202963062
242,7.330529736830737,7.211331086152496,-1.626057801516743
243,5.971150343690093,5.976419231498946,0.08816128194426649
244,6.024698727494767,6.133234323321266,1.7696306729028422
245,7.088720777701618,7.235424988085337,2.027582493430568
246,7.309598300704181,7.21648260096713,-1.2738825843286101
247,5.856088633888002,5.863322315239851,0.1233717159475835
248,6.192007054601562,6.183291083056745,-0.1407616539832491
249,6.283188562819046,6.262798079206155,-0.3245244577498798
250,6.4747427848941586,6.47740279010004,0.041065922439579024
251,6.275107133852104,6.523190961411047,3.80310539774969
252,5.939312112402637,6.0532876144598,1.8828694309007183
253,6.428866590398333,6.488005738639809,0.9115150421225487
254,7.479821301972453,7.4821324303500765,0.03088863234028167
255,5.5689832860037445,5.6254274530364885,1.0033756101907711
256,6.41059987915456,6.438997899869489,0.44103168158362316
257,6.621622303372826,6.7374232173269135,1.7187715572962314
258,6.425641122471902,6.315252466070951,-1.7179399580050787
259,5.98410326248915,5.965344273139073,-0.3134803750407473
260,5.930459515106705,5.991314808915075,1.0157251913689789
261,6.2511085510501045,6.347296038965421,1.5154088815903837
262,6.259184269053917,6.317032615231099,0.9157518996768016
263,6.594491293142214,6.738838292711304,2.142016076052979
264,5.58558935295093,5.666409062566142,1.4262950084053962
265,6.3335419596211775,6.37881312474795,0.7097114187454918
266,7.179276837777589,7.148860711471071,-0.42366560022406796
267,5.673140059530583,5.647095767879518,-0.45908070976163795
268,6.0080210441491975,6.005298059845984,-0.045322482781001955
269,5.421876891284408,5.506920582193036,1.5443057447318527
270,7.101834662618115,7.0324969767975825,-0.9763348362009208
271,6.489474698963202,6.550742770127182,0.9352843381879606
272,6.961961517872135,7.017588798294775,0.7926836698690173
273,7.0749364605593446,7.032548824684785,-0.5991239088980974
274,7.3652216235892505,7.4271127761092846,0.8333137571186302
275,7.054614482036637,7.080014948915113,0.35876289897336894
276,5.9585911313321365,5.99723523508921,0.6443653157203343
277,5.540625899296916,5.493071263490726,-0.8582899598441609
278,5.264995192429548,5.2472828820812865,-0.3364164581523172
279,6.570653858161027,6.542987135945239,-0.4210649779005534
280,7.206400371262419,7.1059639541121316,-1.3937113118333913
281,6.852203091731546,6.940331372453061,1.2697993221376365
282,6.443996711270098,6.457514830433117,0.2093393436637574
283,5.585653799561516,5.634608162474492,0.8688157455029955
284,5.801481343974614,5.7713681325796475,-0.519060729657295
285,6.203337163890107,6.246063080800308,0.6840455556962856
286,5.004787187500143,4.966556217963883,-0.7638880156931471
287,6.84790240393573,6.664993657641174,-2.6710185908816584
288,6.172709026249552,6.104648298475875,-1.1026070965640444
289,6.688717146613805,6.754143638082264,0.9686867051444008
290,6.748584144241838,6.7432772981686275,-0.07863643632181203
291,6.049187523686823,5.974115773649536,-1.241022033840547
292,7.270018149603116,7.090888985229634,-2.4639438401300358
293,6.603142725336442,6.58658946405951,-0.25068761899415504
294,6.411731016434899,6.4485356413092605,0.5707439164729293
295,6.557328179827878,6.477185472335576,-1.222185397687465
296,7.270691417187698,7.159266792429028,-1.532517588289686
297,5.845901411747929,5.9314103658189925,1.441629373071661
298,6.309127502844865,6.281864499855013,-0.4321200194093127
299,5.3061242148293895,5.286789641370501,-0.36438222469146986
300,5.829658259567888,5.860624437388841,0.5283767651685536
301,5.9163213895814195,5.8761193176564,-0.6795112921994907
302,6.933359641954357,6.916283717244814,-0.24628644108139144
303,5.779515516757772,5.757430293906374,-0.38212931148573115
304,5.156518144245017,5.1828741481408,0.5085210086615262
305,6.62442276896835,6.666140070925556,0.6258089616081685
306,6.656685235983383,6.595329162873343,-0.9217211109573475
307,5.668065592274196,5.623340163687568,-0.7890774702323605
308,6.118805967335165,6.289637925042094,2.71608572294384
309,7.156775326463992,7.194204514132565,0.5202686078084842
310,5.692724892083728,5.682215573807345,-0.18460962852775667
311,5.149337651826471,5.213161121348699,1.224275790381014
312,6.608459409102162,6.578756481763856,-0.4494682572672643
313,5.835226241026321,5.827917980392052,-0.12524382658697947
314,5.546561887619093,5.566034288911932,0.34984335852241005
315,6.516590597292005,6.467853635631121,-0.7478904947801537
316,5.559756241009076,5.600919511656058,0.7349377287303889
317,6.765208058851446,6.785361647059481,0.297015682528412
318,5.721133121319888,5.743353252417376,0.38688428381338014
319,6.053156123452712,6.072739514936787,0.32248034739357884
320,5.63127210439463,5.701860063453413,1.2379812600316715
321,6.268467606173025,6.251159908051675,-0.2761073233321909
322,6.1101109250189864,6.229122618120105,1.9105691185933815
323,6.2149936586791705,6.2509153489459015,0.5746628815376373
324,6.658418542165895,6.6083294495099585,-0.752267108754668
325,5.970260150037816,5.958277122961381,-0.2007119752789731
326,6.493897643578712,6.511323871665993,0.26762957012645594
327,6.937736220344433,6.935714065162633,-0.02914719034532063
328,5.585145649993615,5.646536767796512,1.0872348897650734
329,7.620856570891671,7.754240051094122,1.7201360716661203
330,6.398502831494494,6.409721619730561,0.17502769857481934
331,6.958323428783786,6.935693546127789,-0.3252203334266799
332,6.892949487046955,6.84763505926432,-0.6574025802421596
333,5.957333671152895,6.004569620292254,0.7866666909769253
334,6.362211950198973,6.3875398690467176,0.3965207163790963
335,5.818976542234548,5.906298055038826,1.478447446955068
336,5.9365265871460915,5.940459242993261,0.06620120913728736
337,6.442203740286924,6.463800146432191,0.33411314793182456
338,6.557659847979137,6.584282336036792,0.40433393798966283
339,5.92772278416769,5.995047850406555,1.1230113239930137
340,5.452774537594162,5.455092011502679,0.0424827647935321
341,5.817543524285238,5.834602591846267,0.29237754058638127
342,6.437126260169774,6.442699544150702,0.08650541504744967
343,5.606506679838155,5.631765063423254,0.44849853111140886
344,6.129242852277835,6.127868446320069,-0.02242374777587111
345,5.868043096834635,5.836945435351343,-0.5299494391932279
346,7.021573837940945,7.025988560067663,0.06283417755345168
347,5.9409989067236175,5.9137100837287875,-0.4593305506915077
348,6.004766575091994,6.005639130009446,0.014528926872954932
349,6.436049006569558,6.415027862623033,-0.3266156600900319
350,5.560978800355224,5.618769005902282,1.0285207575956796
351,5.366141698931225,5.353864066518663,-0.22879814029150333
352,7.271055134833974,7.2426101835991075,-0.39120802562193546
353,6.010848119762008,5.981905764048742,-0.4815020299400227
354,5.883056609948509,5.9102451883436125,0.4600245426150065
355,6.363445531232768,6.274460419743368,-1.398379400792331
356,5.4160596577114575,5.550912146190558,2.4293752977453607
357,6.837272910129857,6.852188657631889,0.21767858778113286
358,5.950375297099244,5.9557418742380435,0.09010761802845897
359,6.137842091937734,6.208691517103962,1.1411329580645042
360,6.144854996665875,6.194895540462542,0.8077705825679032
361,5.527727302252474,5.486115573436903,-0.7527818674885581
362,5.595180964230877,5.576281350226735,-0.33778378438453144
363,7.711293868688311,7.591999309546159,-1.5470109319338405
364,4.7944537665699105,4.856646204255022,1.2805634808362913
365,7.221778207582052,7.14126509729325,-1.1148654524487092
366,3.632457963285898,3.6081185840571406,-0.6700526055569374
367,6.76157839775039,6.556855457945573,-3.0277389059473108
368,6.836905246747038,6.847823542232244,0.15944183458978495
369,8.053739045212744,7.968437974456563,-1.0591486796047225
370,6.000800710553818,5.897949103381064,-1.7139647212723692
371,6.691461584580805,6.672303108008906,-0.2863122851373209
372,5.235970681344754,5.265600260182829,0.5627008768995764
373,5.948583209632975,5.954307342459541,0.0961343191969181
374,5.587085001782335,5.5949032797132,0.1397392866327655
375,6.5180949906377155,6.530709836448286,0.19316193991908714
376,6.18097885118274,6.290756489541227,1.7450625936800976
377,6.571701565327279,6.5439998052768225,-0.4215310110339313
378,7.737194538286365,7.724304500121756,-0.16659834647849825
379,6.026495874558474,6.0449738326799975,0.30567474124749405
380,5.17383368792512,5.157187555427136,-0.3217369073310803
381,4.964370033332865,5.040688139764293,1.5140414228243941
382,6.846997185553231,6.7782336790405155,-1.0042870567816509
383,6.373393644117038,6.257073025227604,-1.8250970422453612
384,7.723520599782657,7.779126361496847,0.7148072820800756
385,6.096359043561868,6.100520938341874,0.06822195714218317
386,5.849511063482557,5.8527355376899575,0.05509345478940739
387,5.489925624002002,5.366458956306845,-2.2489679487707313
388,5.584179083735387,5.646386169853981,1.1017150483032343
389,5.640341812782598,5.674010875572958,0.5933908751445653
390,5.145578745635941,5.167885665954104,0.431645004554199
391,5.607270861936282,5.524722460370816,-1.4721671843218391
392,5.6429257746064545,5.631164255709248,-0.2084294454152581
393,6.76655965292296,6.7071666246106085,-0.8777433638185029
394,6.863355886534388,6.829862184225339,-0.4880076578101152
395,6.088667489424988,6.095372341856221,0.10999906248863173
396,5.756662444870955,5.735233350605715,-0.3722485810216705
397,7.298748954168317,7.247497508601573,-0.7021949362633374
398,5.040095571213435,5.0337888807518345,-0.12513037446394862
399,5.9446875280700695,5.9877195941145125,0.7186720314481716
400,5.982744908151716,5.915774752595149,-1.1193884510321974
401,6.134941377124016,6.127268250220522,-0.12507253829850754
402,6.341252924994707,6.251879992849349,-1.4093891728097698
403,5.925493543723148,5.977632488029478,0.8722340225957556
404,6.887589710427316,6.768616686007717,-1.7273535361649461
405,6.109602400289657,6.188500936616642,1.2749216189037267
406,6.081159265308457,6.102742571078588,0.3536656760259852
407,5.7219753043725445,5.713701569723748,-0.1445957769596518
408,6.241356306915868,6.211953237675706,-0.4711006357317181
409,5.367162354800578,5.406586242979827,0.7291826377585181
410,5.541237073162358,5.604661264776521,1.1316329144236354
411,6.039921051091872,5.987241143042364,-0.8721953085791526
412,7.422401963779189,7.493708236663011,0.9515485608974703
413,5.1432073839153984,5.16317542880048,0.3867396171297801
414,5.987783611902981,5.995558552131795,0.12967833040425952
415,6.582780213338332,6.6430118304026005,0.9066914014605587
416,5.861034527014324,5.920330546540611,1.0015660284531767
417,5.4956216671417355,5.51817149534102,0.408646745001014
418,5.991564886583994,5.995614517974841,0.06754322478047375
419,5.125550053182641,5.040260473390267,-1.664008329006839
420,5.855343828063667,5.879825113805961,0.4163607806091351
421,5.2598107300370645,5.264330565945824,0.08585775251268248
422,5.244654978231608,5.26114535365322,0.31343698592476077
423,5.038059544357471,5.075173056018867,0.731275786101166
424,4.852916860099289,4.885407403522476,0.665052896095426
425,6.634482033805966,6.617429057868402,-0.25703552817945424
426,6.656275316229352,6.629743789379617,-0.39859419253656103
427,4.9074688692856405,4.96487310623509,1.1562075348382788
428,5.437359630782554,5.482088280925848,0.815905323869391
429,5.808925181644168,5.897169829747166,1.4963898047816906
430,6.036332448241187,6.010968013495649,-0.42019612012801616
431,7.1297671300414445,6.9792530987878685,-2.111065179385474
432,6.188312817534298,6.0910309372365905,-1.572025900534046
433,5.5358921461188295,5.5716532931202165,0.6418408526163007
434,5.5898573173806785,5.608660951373324,0.3352606648123553
435,5.180575971150351,5.258375274426631,1.4795312090912445
436,6.084787375146042,6.09073144477719,0.09759204924796674
437,4.8427084208334135,4.911563048516655,1.4018882991644828
438,6.281870383508555,6.387454717828601,1.6529954259454835
439,5.482276597559539,5.484927154916115,0.04832438575233149
440,5.041431082872281,5.101186926029211,1.1714105760763467
441,6.448808678840653,6.483827633759719,0.5400969442298446
442,6.742904012338101,6.726778431437329,-0.23914890188657745
443,5.6533847329289895,5.646466498321572,-0.12237332030706131
444,3.7457397756341595,3.8722224232445392,3.266409668285527
445,6.0033325223131415,6.038207381608946,0.5775697502875728
446,3.374218737993537,3.401582508342332,0.8044423523958619
447,5.2375536947046015,5.271097167897016,0.6363660567046154
448,5.616271937647053,5.603281263371304,-0.23130422493735
449,5.48375339038178,5.527851481063958,0.7977437677773795
450,7.169269660848316,7.083100280879729,-1.2019268913702859
451,5.791014436648987,5.736426467263442,-0.9426322448806157
452,6.044026804735704,6.08052148670839,0.6001900010132453
453,5.558320756645226,5.595591021079162,0.6660648409352212
454,5.9714598915122465,5.9263642312131095,-0.7551865225325451
455,5.94373554085251,5.965361928594593,0.36253270130046095
456,6.246514107499389,6.275547216728689,0.4626386867412308
457,5.732266777336874,5.720867535179062,-0.19886098467852328
458,5.731498120996938,5.712345416756595,-0.33416575973703727
459,6.117144204203951,6.116199910915855,-0.015436832230431559
460,5.980198416950323,5.930962593754979,-0.823314207364589
461,5.222860884271402,5.242890027905439,0.38202486657991047
462,6.072019142728512,6.081615284760812,0.15778936323620596
463,5.887146798980604,5.9222931318242455,0.5934581767791612
464,4.527396327380631,4.521190289897606,-0.13707740684180303
465,6.2493155433045695,6.257026124982552,0.12323077327736193
466,5.458935628527599,5.441954166393632,-0.3110764311860424
467,4.967141017469581,4.9097615181670875,-1.1551816044821006
468,6.182611145783756,6.169979581911508,-0.20430791415472419
469,6.5346018780896005,6.5319030372192195,-0.04130076966785281
470,6.521977534005049,6.512639027604464,-0.14318519731009335
471,5.872012324997462,5.886244982746005,0.24179519864128596
472,5.929690029443452,5.903647176220127,-0.4391941753112102
473,5.262870551209854,5.209028619597036,-1.0230525544741131
474,5.784337232933898,5.807962741837287,0.4067779005055238
475,5.753564945298859,5.746317530741827,-0.1259638958790855
476,6.006530773512053,6.027311049811209,0.3447686062229399
477,5.6818872634342865,5.667114912954827,-0.25999020738279577
478,5.547178067359498,5.566204870487236,0.3418272156783254
479,4.780149642407235,4.77444162553513,-0.11941084064536464
480,6.079862705455366,6.11139792570851,0.516006658975467
481,4.686192626321059,4.731139441941037,0.9500209446698932
482,5.656013431741534,5.677269886959569,0.3744133296685454
483,6.355999311470406,6.368374880949514,0.19432853295319208
484,5.40678972845837,5.369594830955863,-0.68792942523237
485,5.364599604194288,5.3841838751019795,0.3637370372556406
486,5.720103685757124,5.7249387829612015,0.08445674944975855
487,5.491557040422833,5.431910970839271,-1.086141310096805
488,5.527567331506827,5.496789299490438,-0.5568097170152108
489,5.311005202943209,5.321722531326001,0.20138833469249268
490,6.687043356537477,6.660055107726769,-0.40359015743966514
491,5.224663742336854,5.2113613259817235,-0.254608086015895
492,4.986392924614198,5.024954544687152,0.7674023661313574
493,5.527420170026306,5.542607070842036,0.274002840569795
494,5.889299934350321,5.898114867704749,0.1494534025217782
495,5.946579876640514,5.953228998121646,0.11168932831628164
496,6.539350689331174,6.5792202663457156,0.6059924337612442
497,5.275855768267714,5.293291404831504,0.3293912091798959
498,5.462432622666266,5.484409812842847,0.4007211518934424
499,5.951546652973016,5.965403063234985,0.23227953107421254
500,5.180950629730652,5.191796847928693,0.208910681903281
501,5.865471859969619,5.8282489672888955,-0.6346103701351091
502,6.106308248975596,6.06282766437498,-0.7120600996176377
503,6.781076781829776,6.800591899116004,0.28696204059480096
504,6.692072211366723,6.668238254637696,-0.3561521151631271
505,6.314379945946446,6.309644986321925,-0.07498692927974394
506,6.256047059838551,6.251214019025129,-0.07725390757444757
507,5.2843192576612905,5.346121657618925,1.1560230745882434
508,3.834041403391099,3.987522268053552,3.849028402727205
509,5.679692923622034,5.700813973923682,0.37049183499512095
510,5.788538962210181,5.811133638171794,0.3888170083233871
511,5.4741835459175965,5.489745382429225,0.2834710068965465
512,4.793107944884015,4.800199274662213,0.1477299039569039
513,6.289301706158604,6.279159351930648,-0.16126359811970734
514,6.164942147929069,6.289032838204823,1.9731283564290445
515,4.993875616792821,4.977349852988904,-0.3309206130073938
516,5.848636426185933,5.800219689758435,-0.8278294785212368
517,5.622228517756476,5.572238159918023,-0.8891555667040162
518,6.078366154648642,6.100200629983848,0.3579304462198288
519,5.565072528992463,5.540153018903965,-0.4477841026990143
520,5.0949644253341635,5.0857364840407175,-0.18111885624875032
521,6.203869999259224,6.187926271682682,-0.25699648088122307
522,5.504682208719372,5.52743616716729,0.41165483887583754
523,5.532782383071359,5.512539770506601,-0.3658667766636539
524,6.057446368282296,6.010228621809277,-0.779499208119423
525,5.5166054858702,5.505412401073082,-0.20289804710137987
526,4.786214668930211,4.710620037581544,-1.579424170825246
527,5.338800871840054,5.357543881349082,0.3498433223156035
528,5.7432628728116155,5.743505742154045,0.004228590573988784
529,5.569983688593046,5.572838615756003,0.05122931704651611
530,5.8162541927385165,5.86693846900799,0.863896503043493
531,5.217786019077914,5.268422187775457,0.9611258720881595
532,5.248046242339863,5.238100893652973,-0.18950573656637495
533,3.939110354967405,4.096869647225829,3.8507276492248144
534,6.347051500998004,6.341379913423621,-0.08935783132516818
535,7.332572297454778,7.403282098768133,0.9551142367669722
536,5.370748881960368,5.389874261163247,0.3548390607307404
537,6.117162231870644,6.071479825135854,-0.7467908321408091
538,4.65134427013049,4.76066037918523,2.2962383440057352
539,6.069689083056115,6.12399847507747,0.8868289605618794
540,5.500201772414349,5.483016842650119,-0.312441806233718
541,5.19448312068267,5.217542602879933,0.441960592416346
542,5.481130545287713,5.521472043004529,0.7306293938031782
543,5.397399651355687,5.338466921588063,-1.0918726344976377
544,5.688487622934865,5.729519887505814,0.7161553738634773
545,6.0005741411475615,5.94976637811031,-0.8467150282978638
546,5.335759358461596,5.296286509669199,-0.7397794042154481
547,3.9995784583625946,3.9825886730603974,-0.4247893991596483
548,5.096045158476313,5.121607199943351,0.4991019511867369
549,5.200350583687643,5.2000094780207,-0.0065592821378873106
550,5.760951821823085,5.765607483708548,0.08074885254708308
551,4.906793774619486,4.9277699192979645,0.42567216047023887
552,6.787784879875396,6.7731051755015965,-0.2162664939091127
553,4.880387177614628,4.866631598659573,-0.2818542557063593
554,5.307998525855187,5.3203425102575554,0.2320148445061386
555,5.295750477967338,5.28205174030923,-0.25867415232459495
556,5.271132516744341,5.296246485846767,0.47418429579398225
557,4.852146544734285,4.8537511276443075,0.03305861524057199
558,5.548002735310074,5.512656516470885,-0.6370980788136315
559,4.7569040234143225,4.774638126837176,0.3714229843550628
560,4.995447136478026,4.9758448720710104,-0.392402599236304
561,5.2367895730403955,5.2364698721958165,-0.006104901488210515
562,5.291183123472173,5.289299473146434,-0.03559979463540571
563,4.787497324231541,4.775467818997556,-0.25126917926614784
564,6.183781033827622,6.200082348378554,0.26292093612586526
565,5.8828004592149385,5.802934280566097,-1.357621751792337
566,6.332739800939298,6.332846827908702,0.0016900293392821569
567,6.608076358903044,6.604119113524159,-0.059884982617572066
568,4.892045909316069,4.87506203440508,-0.3471732527825595
569,5.659368939712586,5.67622043114841,0.2968787354231598
570,5.250061737672593,5.214819175644343,-0.6712790018327162
571,5.827641031422781,5.847253735969343,0.33541736740300016
572,5.139823174349577,5.108042502337226,-0.6183222833609004
573,4.754185862541276,4.764567240869197,0.21788711971303557
574,5.947761559825823,5.91342581043851,-0.5772885991132125
575,6.913675221040505,6.907125947133335,-0.09472926768729333
576,6.136230986767179,6.158302199081549,0.35839768171269254
577,4.845864587046311,4.833489975859983,-0.25536436200480633
578,9.554867869221574,9.632597303045277,0.806941589877617
579,5.5526611536465635,5.580937908534547,0.5066667171613125
580,11.887454609356467,11.833699961410346,-0.45219645174343437
581,5.43404775094392,5.42544154780566,-0.15837555230841296
582,6.198923019395834,6.235670702656802,0.589314045164556
583,5.415202091194366,5.438710199840694,0.4322368315748208
584,5.624457070659929,5.531745068863717,-1.6483724674483766
585,4.898402275403274,4.91158996197015,0.2685013746869406
586,4.882095635778148,4.87056394294574,-0.2362037471756748
587,5.346813592782407,5.322276352295284,-0.45891333335887435
588,6.224470715819259,6.27051376179289,0.7342786846937143
589,4.898481206352835,4.882422929169943,-0.3278215533840554
590,6.354271708126232,6.290070289136007,-1.0103662849059578
591,5.107122814089002,5.119852772109048,0.2486391423088092
592,4.6298849420446615,4.626932369442619,-0.06377205133609244
593,4.803998324114229,4.8064025413985965,0.05002113875522562
594,9.407218553186558,9.415142838039456,0.08416531739573538
595,5.832507108182733,5.8477615720995075,0.2608598816606352
596,6.183535765571289,6.177270681003376,-0.10131880537985073
597,3.693919766739138,3.676391649801513,-0.4745126598431387
598,5.189009565562629,5.2027297752039185,0.2637117481418999
599,6.7858988098835535,6.7477546310817145,-0.5621094547752861
600,5.8630228719307995,5.851297014106113,-0.19999679484150848
601,2.470117382951026,2.3599090524156225,-4.461663696473352
602,5.737255907385407,5.650010853771704,-1.520675650904729
603,4.633311678339504,4.680933034315171,1.0173475165434442
604,5.143531180287691,5.133623620781471,-0.1926217448470095
605,5.3467884582178105,5.359862398273718,0.24392305407164985
606,5.4652271854856425,5.493184329318795,0.5089423940124586
607,4.911604543621254,4.923460917902943,0.2408138193719849
608,6.580906612258581,6.523980183858638,-0.865024103121342
609,5.128879591797765,5.113369070806482,-0.30241538553737424
610,6.149386130783193,6.185403964329549,0.5823036579998012
611,6.384433892784923,6.4525526269520475,1.055686611258239
612,5.994641597921914,6.360494865824894,5.7519623177233985
613,5.197105685317001,5.226308694311118,0.5587693093196934
614,5.966143793156218,5.9762513574791845,0.16912883542485557
615,4.652379673066121,4.665596023878445,0.2832725067640427
616,5.658912310916391,5.665310362971263,0.11293383142235949
617,3.1706157395309145,3.250710108010604,2.463903756976537
618,5.346699668228856,5.287893790483255,-1.0998537676435653
619,4.80633416174066,4.781022066076883,-0.5266403627376979
620,6.589937793670027,6.600760214194498,0.16395718331348513
621,4.63294897493276,4.628621251973776,-0.09341184162398451
622,5.766172829438294,5.8380090316343916,1.230491453624668
623,5.6715315995894695,5.7070547094598565,0.6224420770227567
624,5.254103896743043,5.280955145506205,0.5084543993146904
625,6.664590455258495,6.701044481497761,0.5440051374068473
626,5.866118929460706,5.869359769382645,0.05521624247409016
627,4.002876313577111,3.976859238294437,-0.649959510225876
628,5.437196982177008,5.4398977074349935,0.049646618433540124
629,4.803604491476287,4.794952918743265,-0.18010585068720814
630,6.915460017511312,6.917925216793248,0.03563495129943752
631,6.339609060468043,6.244599062851853,-1.4986728157836318
632,5.806268851616217,5.789245599236139,-0.29318746367280585
633,5.222990456105661,5.19894109076803,-0.4604520253242543
634,6.552991670796131,6.55653406889001,0.05402851654027689
635,4.8862968239989915,4.887738980167401,0.029505588867601726
636,5.0911312270015046,5.141560492487219,0.9808163408638518
637,4.6366749595957435,4.660419990539056,0.5095041003067664
638,4.202159565091819,4.192355444645199,-0.23331147460616455
639,6.104690426634495,6.105865864589914,0.019250962623273367
640,5.633237304069027,5.624245009758492,-0.15962924736083473
641,5.394238632696617,5.401790863350732,0.13980975652638042
642,6.24754129396259,6.224481412229527,-0.3691033103750378
643,5.57675673008946,5.546803986759185,-0.5370996939612593
644,6.582932093908791,6.622465824621728,0.5969639067966804
645,5.057237914818735,5.040366628334865,-0.3336067388570782
646,6.412662434061647,6.398121987121936,-0.22674586553126297
647,5.572241924144276,5.586708109340314,0.25893934161072146
648,4.988816184268181,5.012000001632805,0.462566188289519
649,6.4692986442343,6.451871910162561,-0.2693759405785092
650,5.0582123503304475,5.051790611298414,-0.12695669116409936
651,5.272360927530628,5.278848110684361,0.12289012712078139
652,4.8093934356562915,4.823887545595101,0.30046533634566935
653,5.067204402596368,5.078391304798626,0.2202843682346323
654,6.643391789350629,6.653029144127888,0.14485664452207958
655,5.260538072612782,5.248271798263461,-0.233175279410705
656,4.8714459054747055,4.8577065824105,-0.2820378863032233
657,4.5757583746423,4.567729700368729,-0.1754610627620455
658,6.074862320494449,6.1051931446254795,0.496803678647433
659,6.868266735052808,6.906881864687086,0.559081947408218
660,4.935182923742827,4.89059026324597,-0.9035665179161793
661,6.0590287483873215,6.098964709844493,0.6547990250330493
662,6.2187420692081785,6.27921947635349,0.9631357427951004
663,6.516785536425444,6.5071613093402245,-0.14768365525342467
664,5.6264335975048265,5.594953672428797,-0.5595005171657879
665,2.114681451153943,1.9586106255795088,-7.380346836128406
666,4.368339504932025,4.3455940183506785,-0.5206895333035769
667,5.349121939616378,5.27541660862065,-1.3778958832449795
668,5.003676538879362,4.941580634224402,-1.2410055720521704
669,6.325014415128425,6.329728200035152,0.07447057373965499
670,5.375995865890095,5.371043328291566,-0.09212316605287334
671,5.474190521737607,5.458711230741915,-0.28276858348689987
672,5.785746588558453,5.839502059896486,0.9205488890432236
673,5.56844647726453,5.579070267815012,0.19042223955789137
674,6.213857565971712,6.250450450850692,0.5854439638666247
675,5.316720945487068,5.2951218644939475,-0.40624815961903177
676,4.522629460135999,4.502316684703283,-0.44913640641488906
677,4.323470533482062,4.335354248641468,0.27411174445849135
678,5.198917333123728,5.169088572575059,-0.5737494681560399
679,4.219155396276919,4.177173695552916,-0.9950261789610271
680,5.0378520918263945,5.02835670006163,-0.18848095560746161
681,4.544013201924914,4.5131195224051055,-0.6798765352776973
682,5.775777291603612,5.811665767927571,0.6175247813116518
683,4.934627685677242,4.956427541921141,0.4398300198987617
684,5.4995771045771,5.491191858051373,-0.15247075122828507
685,4.654989516070303,4.646821547372451,-0.17546696227037212
686,4.198608260026441,4.222396391778554,0.5633798806391292
687,6.088434992690578,6.1144737255407025,0.42585403125306204
688,5.256917313841591,5.245135909187533,-0.22411242084858404
689,5.0301611974734755,5.020238617693312,-0.19726166599089764
690,5.533203798546677,5.538870569827116,0.1023091478488207
691,5.874917522903758,5.89680273570209,0.37113693266061554
692,5.126074879276932,5.151925186704584,0.5017601477281267
693,4.605001061649384,4.555301859285326,-1.0792441021991308
694,6.223793841723583,6.265526184467511,0.6660628575359584
695,5.634814828391464,5.610368843875337,-0.4338382939037197
696,5.13335454590812,5.129441719685697,-0.07622357246963356
697,5.0836449811306474,5.068857475051599,-0.2908839254892114
698,4.708864954241923,4.709105248373306,0.005102755591756026
699,6.543423757676517,6.59624946960966,0.8008446644797536
700,5.501554662822447,5.486607745403478,-0.2716853386911762
701,5.062515592005875,5.032263832837109,-0.5975637727720953
702,4.8913582695640505,4.903605051552387,0.24975057859644328
703,5.07606300590426,5.110262392066959,0.6692295529832185
704,6.350189700796789,6.331245919504693,-0.2983183524378665
705,4.283672000025697,4.308731694898125,0.5816025839367163
706,5.541936898146165,5.547949401621117,0.10837343745771683
707,5.110748561056785,5.089430264513291,-0.41712669462818525
708,6.390750354295669,6.387929214506516,-0.04414410879399123
709,5.803139659885423,5.7931895198041365,-0.17146132377387047
710,4.0924750804221475,4.14192852519274,1.1939714669096393
711,5.004948716714993,5.013654792821048,0.17364729854398733
712,4.141760758919132,4.105687193553816,-0.8709717307459722
713,5.078855384236238,5.100590185429321,0.4261232603076397
714,5.460034890269938,5.466016890060774,0.10943983363303554
715,5.56012388796468,5.555501797041657,-0.0831292794217789
716,5.150802344673162,5.181387894046359,0.5902964610764068
717,10.13331667534825,9.98603683341992,-1.453421881965109
718,3.6794519051485874,3.5396526939611244,-3.7994574950645417
719,5.183519075892316,5.198845863373178,0.2948113462805626
720,4.109016827318578,4.176898670969624,1.6251733402785322
721,4.4760537757112955,4.435719729863883,-0.9011072669921865
722,5.024236746608676,5.018003737138138,-0.12405883291119395
723,5.799936068652506,5.803487887294231,0.06120144834800207
724,6.037745699579218,6.041233629031225,0.05773538429711291
725,5.437006760411239,5.391808939591006,-0.8312996987484786
726,4.279205175308863,4.2659789562163555,-0.3090812090250515
727,4.7816218170429465,4.793918919349748,0.2565146076452513
728,7.037118047063107,6.968553957903081,-0.9743205769958654
729,4.723498591849061,4.726274937335771,0.05874278419095279
730,4.751511431229234,4.733667446440521,-0.37554334124999533
731,7.554136353600537,7.499891313248655,-0.7180839451756366
732,5.444621670140123,5.483795456175681,0.714355346559143
733,5.587206764897433,5.59596891419108,0.15657966346859536
734,4.869819913324656,4.842195477832195,-0.5672578449333421
735,4.603492537944395,4.585531191584054,-0.3901678174189303
736,6.269086690309786,6.295209328504734,0.4149605967297228
737,5.20199716508401,5.194750897898772,-0.13929779189183342
738,6.294420071248748,6.304860014541742,0.16558564772119866
739,5.055497473185706,4.991030086930926,-1.2751937192474918
740,4.437561316643169,4.43138156925608,-0.1392599886769386
741,5.491481796073793,5.501737257039527,0.18640404815064493
742,5.1751944467371525,5.19186430562371,0.32107655179857614
743,5.0891996959955605,5.087452381492573,-0.03433377755567397
744,5.201891182219696,5.190662411666758,-0.2158593895873557
745,5.034909322679982,5.006094028897181,-0.5723100841757295
746,6.218273443054391,6.185828031050668,-0.5217752532250589
747,5.7720762202282545,5.752381443674221,-0.34120783930422566
748,3.9546824862296246,3.8004766227193407,-3.8993234993513477
749,4.827574335287855,4.885090244656078,1.1773765987463978
750,4.9806439455681435,4.9748418199967945,-0.11649348226370976
751,5.663102618436327,5.650615517641032,-0.22049928522649306
752,5.770421919269172,5.83346187297423,1.0806611078940085
753,5.182098617038728,5.182363011484403,0.005101812533952538
754,4.486168418024285,4.484021717809159,-0.04785152974865466
755,5.646608006168166,5.65571903534845,0.16109409119052012
756,5.517169183858449,5.50943156432191,-0.14024618928085392
757,5.414760149771953,5.446984753177982,0.5916044355958116
758,5.489506258785128,5.495836241623204,0.11517779205528643
759,5.158900061690292,5.173317536481203,0.27868915235228114
760,3.3414172460945557,3.225425028117076,-3.4713479172064203
761,5.778415200816142,5.783659077546402,0.0906671133265459
762,7.052562823647539,7.028820578364337,-0.33664705833732517
763,4.053540982085772,4.039099466514739,-0.3562691393735884
764,4.524616907263124,4.53029145897656,0.12525798317439213
765,5.6359856553197485,5.669702221520454,0.594679665410437
766,4.494420243727547,4.487113834070384,-0.1625662323713499
767,5.680703164452191,5.6859192171191175,0.0917363132986881
768,5.291316183004049,5.296930335013304,0.10598878320419565
769,5.462138500006024,5.460568107844028,-0.028750500595941704
770,5.179281057154297,5.22443486965289,0.8642812787441804
771,5.445957243375922,5.419476546845166,-0.4862450318163124
772,3.5468753828266903,3.5717376120106974,0.6960821842120407
773,4.611712867966782,4.597271209559306,-0.3131517252036304
774,5.107715530253092,5.09835573062244,-0.18324825600043682
775,5.092433073938445,5.06940704428403,-0.4521616547550902
776,5.3214816575387,5.3586782058951465,0.6941366308491128
777,4.45768400199814,4.4498954941801205,-0.17472094959014928
778,4.752450973924519,4.749496234297198,-0.062172963877648965
779,5.434421392241753,5.412347015275144,-0.40619553349548154
780,4.932852144578527,4.92195729524613,-0.22086308312264613
781,4.823260381315569,4.8284525015934125,0.10753176667121289
782,4.322966432596898,4.318648229625629,-0.09988981035586457
783,4.661179182849614,4.695806187417636,0.7374027629335431
784,5.774426354489373,5.770888467438279,-0.06126819936569168
785,4.497122391267953,4.4991496229377965,0.045058107414520585
786,4.559976587775759,4.56089347299443,0.020103193027855844
787,5.895121789786035,5.894326845640088,-0.013484779013802455
788,5.350837233261917,5.366651249106429,0.2946719492373432
789,5.58598267321734,5.627063433766911,0.7300568232988675
790,5.30549706554056,5.329581930049586,0.45190907701838046
791,4.9613740240947735,4.96353565002503,0.04355012399770413
792,4.931625586043672,4.951293487520715,0.39722754319885284
793,4.47245614337623,4.472540251995279,0.0018805558879327934
794,5.509599835166635,5.504449874071444,-0.09347250706521633
795,5.092855161021922,5.098547454980168,0.11164540505915795
796,4.26345054524179,4.417528599970322,3.4878790536764654
797,5.379197288985595,5.385355593911378,0.11435280026347577
798,5.7516495761076465,5.752917050469619,0.02203185533274481
799,5.04671511344479,5.066469453162373,0.3899034603919812
800,3.9512428199910294,3.863592984804141,-2.218285212526812
801,5.324131706794665,5.33970212295377,0.29159709288224694
802,4.798257802573484,4.8264248731526695,0.5836011399631891
803,5.578627247834382,5.588499791864554,0.17665821594095102
804,5.71851154269685,5.733880454335719,0.26803683406493856
805,5.271485790204122,5.284001864280384,0.23686732892488754
806,4.626686826526662,4.618714316686251,-0.1723157442751649
807,5.862626871271288,5.826466064133694,-0.6168021252519609
808,5.7829401436422945,5.807531266326689,0.42343504592009396
809,5.202108267145581,5.217867601234659,0.30202633131874146
810,6.266253890241444,6.277947164574663,0.18625952125246434
811,5.014742565754348,5.0172089619214155,0.04915872920155766
812,5.569036102270208,5.574622007255908,0.10020239898649756
813,4.419247496531812,4.453910759865772,0.7782657804083334
814,3.9671699832397507,3.981740991918758,0.3659456682034406
815,6.8264952079889225,6.832987670194392,0.09501644842400937
816,4.964617326121715,4.970352047511994,0.11537857551056255
817,5.715539158627269,5.691701885832964,-0.4170607904649529
818,4.957290855283278,4.980103379538096,0.4580733072439402
819,6.0728709218152215,6.058833399909637,-0.23115133001029925
820,5.945977453591495,5.941050940106274,-0.08285456047676494
821,4.220205601785357,4.212699337291836,-0.1778649004765344
822,4.98530683217642,4.993098823081315,0.15605521102197167
823,5.525643217307026,5.524158092519848,-0.026876957645889023
824,5.208748673089798,5.212674293316336,0.075309140867898
825,2.800121174453173,2.8645389958405425,2.2488023895261113
826,3.378372350599978,3.357810533640828,-0.6086308679236699
827,5.039634211008821,5.025939024200813,-0.27174961980556234
828,4.512845701005202,4.529959197626778,0.3777847851376165
829,5.58059741433532,5.571471766679786,-0.16352456516737668
830,5.28271672264642,5.296443863197398,0.25917655139067836
831,4.319321082266655,4.3109546642478325,-0.19369752466821263
832,4.543985356337066,4.571837726397528,0.6092160686203821
833,5.147112961890188,5.152717207030364,0.1087629092574713
834,4.6280390040075625,4.599900560448074,-0.6079992743173288
835,4.627548125489102,4.613950073718059,-0.29385003466831233
836,5.16096652396514,5.1506962082873775,-0.1989998507076491
837,5.459907803239123,5.4344454313111905,-0.466351682950148
838,4.96969708314962,4.997931796440441,0.5649279430129546
839,6.362994783456509,6.362586903789491,-0.006410183897664871
840,5.9755031756113155,6.0104519584602505,0.5814668030037482
841,7.955630226958236,7.941184713368559,-0.18157598050155768
842,4.906539621958801,4.915473745565129,0.1817550874803968
843,5.375978542446571,5.377576151984832,0.029708729232432687
844,4.7672260710079435,4.771824503552761,0.09636633831344245
845,5.329266401539797,5.295817540088549,-0.627644762543353
846,5.81945181255934,5.825825066440657,0.10939658861419642
847,5.463301784487392,5.4850700705834665,0.3968643210743714
848,5.089551873713038,5.098469685242349,0.17491153384953015
849,5.139294026685397,5.117232068824061,-0.4292799311886197
850,4.842007424767635,4.824053730415311,-0.37079031024381376
851,5.729851649208012,5.723247427064637,-0.1152599150501205
852,5.4686746414868415,5.513593077800555,0.8146853726759199
853,6.029671092717737,6.089712078262662,0.9859412854548911
854,4.636650012248872,4.645485879272771,0.19020329096947944
855,5.006329745195676,5.010710557366199,0.08742896083037396
856,5.029103997447196,5.014849268303647,-0.2834447080590318
857,5.378952324412615,5.368552283332785,-0.1933469652190241
858,5.599570774583712,5.594228421260656,-0.09540647914130611
859,4.427706041156264,4.41577286511441,-0.26951147910301854
860,5.602685212359148,5.596453560037552,-0.11122617254758102
861,6.48348007095414,6.4024003213252945,-1.250559093905151
862,4.843303700198999,4.823940828465502,-0.3997864460306603
863,6.140625938444196,6.101233371185593,-0.6415073585899562
864,4.52123716972642,4.6746821653271216,3.282469057229779
865,5.292176157556129,5.256218583719644,-0.6794477879415416
866,4.243258824125018,4.238035437270717,-0.12309847385700448
867,5.651970174248836,5.661025013204385,0.15995052016954528
868,5.202879886176472,5.235554602489791,0.624092742682511
869,4.83352844969327,4.852617684282746,0.3933801471998386
870,5.42154874641148,5.433308507558144,0.2164383106592552
871,5.6930945684837955,5.675111125597204,-0.31588168210212775
872,5.825666831612106,5.795000160090501,-0.5264062022084309
873,5.554834376309642,5.556411597520242,0.028385607921920613
874,6.137617060433837,6.148668786997899,0.17974177739792574
875,5.440191662409445,5.443375096191588,0.05848271937698817
876,4.9540880860907155,5.049577818426446,1.89104388068401
877,5.081641733139559,5.043150160770289,-0.7574633236784444
878,5.521835540107538,5.5211245705679355,-0.012875601499502471
879,4.4363704936400605,4.447322918597545,0.24627006309086852
880,4.091449591318046,4.2620295520673785,4.00231764386968
881,5.630569995186215,5.648263313496855,0.31325236322395333
882,4.848303645618015,4.834392144573019,-0.28693543271716104
883,4.325091969748516,4.3433997933397075,0.421509058854437
884,4.885520191470352,4.903123709614903,0.3590265958419645
885,5.240307461861895,5.229463255051511,-0.20693836934771354
886,5.422909930462072,5.403319620479465,-0.36125088253010046
887,5.02774814912107,5.064302968190344,0.7218134321520799
888,5.537840272202455,5.565112174332496,0.4900512563937999
889,4.219826100775854,4.178036281788782,-0.9903208802701166
890,3.9821648576169597,3.9772621887236563,-0.12311566870280882
891,5.268935511730492,5.291682925559258,0.4298710665163781
892,5.53614215902112,5.565868825112817,0.5340885138645888
893,5.209200617643065,5.217996143012304,0.16856136202816946
894,5.669190933636374,5.600216833248915,-1.2166480401678275
895,4.981037589899391,4.980663333805149,-0.007513617142771548
896,5.488400602400167,5.485283933612866,-0.05678646682491758
897,5.100499114822487,5.12486471472347,0.4754388897522001
898,3.811359881586279,3.8357368884228173,0.6355234351478598
899,4.732768624646889,4.717553734584347,-0.32147969337244653
900,5.063989305640639,5.071599401268964,0.15005316915252348
901,5.589999631581838,5.526557287710563,-1.1349257254480731
902,5.347542241487706,5.35054273469882,0.05607829635029984
903,4.892221241684987,4.89717951790337,0.10124758956164025
904,5.800797206347121,5.802858119799384,0.03551548925918915
905,5.481656147932798,5.475694361215114,-0.10875885967295226
906,5.743547340772491,5.741126529870125,-0.04214835812670388
907,5.910554902013438,5.934891003070722,0.41005135637188106
908,4.835631439157208,4.826659351030743,-0.18554119021171836
909,5.057355293126506,5.060544691176794,0.06302479762404675
910,4.808906132146053,4.8123214554735325,0.07097039046706365
911,7.0602949967863715,7.083762612141028,0.3312874335234575
912,4.7168337262539275,4.720023269948037,0.06757474511654876
913,6.185878931650628,6.182457524191173,-0.055309964796593385
914,5.3249351291440545,5.320615864454974,-0.0811139400636128
915,4.647988126718956,4.664698706723416,0.35823492694982884
916,5.896776031369272,5.952421390972247,0.9348356903523292
917,6.070188623373572,6.049751985119622,-0.3366722110620737
918,1.3979759008786616,1.360203186135465,-2.7019575029480465
919,5.128119117971416,5.127660064319138,-0.008951696357222871
920,4.512416839545547,4.5157571699986105,0.07397055083599033
921,4.39011686554251,4.350591180781805,-0.9003333162025061
922,5.150406276930066,5.141886128166886,-0.16542673150549797
923,4.685833686700347,4.660008590235036,-0.5511313075111728
924,5.997355840182243,5.9836715523327495,-0.22817201803849166
925,4.349614137695041,4.347449050812557,-0.04977652761703127
926,5.944067744907845,5.962621185229333,0.3111624861805461
927,5.3008776595132545,5.319639641929573,0.35269273257601863
928,5.699059917041673,5.727969715097524,0.504712830091474
929,5.062694577410351,4.9754464755173595,-1.7233530595009818
930,6.212574285648475,6.214911418275377,0.037605244380952245
931,5.7586783491772175,5.788779825594352,0.5199969134090141
932,6.402676778095993,6.400427322114603,-0.03513305542902038
933,5.20180980176937,5.205631789729252,0.07342025164789813
934,7.656764997175318,7.595651559580562,-0.798162639408447
935,5.145131033743261,5.061700688817774,-1.6215397504616849
936,5.656216022064331,5.6658854074765905,0.1706597418913488
937,5.025099378438364,5.0377926012067205,0.25196001052754374
938,4.663830818378247,4.675957748762915,0.2593464491392509
939,5.490898558837104,5.52454454305964,0.609027295558764
940,4.64454994010743,4.661920915510558,0.37261411589660537
941,4.3342872507434205,4.347121451544025,0.2952344659256273
942,4.282689537923778,4.275816449309475,-0.1604853341210245
943,5.0276511498190795,5.074611380099438,0.9253955970799576
944,3.9967681920454465,3.9956631670964953,-0.027647961949620516
945,5.345294902678437,5.335195963399828,-0.1889313772669198
946,5.883944411799935,5.880286192152942,-0.06217291311686072
947,5.390855958971066,5.388618618450214,-0.041502509766176025
948,5.780308082016032,5.777081281886546,-0.05582401636212653
949,7.182340251505679,7.178270229570616,-0.05666707218736808
950,5.401344125266711,5.413135388033381,0.21782685858433945
951,6.27642341500455,6.31926771320165,0.6779946687112667
952,5.035308003161079,5.051062138797579,0.3118974822244011
953,5.319973195163523,5.309715452521831,-0.19281568281240444
954,5.395003201123899,5.393989644228463,-0.01878695633071677
955,6.5138116880631785,6.535326424717924,0.3292067642309774
956,3.341268515023447,3.3857914547930963,1.3149935654371292
957,5.028213430757365,5.063853379810879,0.7038108408826957
958,3.4951382689178594,3.5091074315354067,0.39808307069798465
959,5.240477963934734,5.2900395912833,0.9368857546970206
960,4.520192085720606,4.468545910413936,-1.1425659424921755
961,4.55973865414316,4.572183287670235,0.272181422836526
962,4.76686979489745,4.837970841149312,1.4696460269481821
963,5.773059245798296,5.74647189596899,-0.46054178031615917
964,4.892755136157616,4.873940493127903,-0.3845408671828293
965,4.391506735656547,4.389514960340762,-0.04535516932293687
966,5.86517153464196,5.876886802165216,0.19934478776993705
967,4.560613881363677,4.55486019760053,-0.12616029141731397
968,6.714612823535818,6.723343468799827,0.12985570801974414
969,5.730414301994481,5.733831853445355,0.05960327296344651
970,4.519590389778553,4.501957285556932,-0.39014828116946976
971,4.755947449752524,4.752457755321074,-0.07337537826730577
972,4.95017742495505,4.944823175131472,-0.10816278617783243
973,3.9779979989838394,3.918866154956056,-1.4864724427435216
974,4.776243736799495,4.776895758744276,0.013649490751126547
975,4.924512274011466,4.948686583952979,0.48849951459650803
976,5.732625781090914,5.7252806239680245,-0.12812901806913285
977,5.816276346238701,5.8016476108150465,-0.2515137616030691
978,7.130574110531621,7.117794061061972,-0.17922889898547367
979,4.4678333420128755,4.468812917613058,0.021920264245609
980,5.641971773491203,5.625344286962647,-0.2947105585795545
981,5.544636819999841,5.564994168137518,0.3658107721699519
982,5.253717251764349,5.26341538046113,0.18425543104165532
983,5.160447888544161,5.1699873015591775,0.18451521171317445
984,5.195743460459121,5.2208113359182,0.4801528698540998
985,5.099591380434878,5.110832560786649,0.21994812426493532
986,5.775763561773462,5.768786020852454,-0.12080724645980975
987,4.903052524154789,4.884637370594342,-0.3755854841392036
988,5.1244967972246975,5.150945062410731,0.5134643228684551
989,4.682989343621656,4.714551415759066,0.6694607684606012
990,4.69592045260998,4.684487968721376,-0.24345565483865508
991,5.989746985909148,6.012286684340517,0.37489393993927933
992,4.772425682118659,4.7206022541040396,-1.0858928240368675
993,5.170568927368786,5.186065262537636,0.29880717623804043
994,5.599201187502278,5.640098585779478,0.7251185002389208
995,5.368003123923437,5.348039118974585,-0.3719074763551984
996,4.701637787589608,4.691740247587392,-0.21051260112680983
997,5.234196088606803,5.222470605773637,-0.22401688119190533
998,4.969019202190053,4.981942180896689,0.2593964007890074
999,5.129458914329668,5.1157357104173204,-0.2675370666096961
1000,4.559079996013148,4.554875813196873,-0.09221559656665729
